Workbook

Sheet DETALLE RAMO MADRE 
B2: Semestre | C2: Codigo_ID | D2: Siglas | E2: Nombre | F2: SECCION | G2: N° ALUMNOS
B3: 1 | C3: CUR001 | D3: TIC | E3: Taller introductorio a la cocina | F3: 1 | G3: 18
B4: 1 | C4: CUR001 | D4: TIC | E4: Taller introductorio a la cocina | F4: 2 | G4: 18
B5: 1 | C5: CUR001 | D5: TIC | E5: Taller introductorio a la cocina | F5: 3 | G5: 16
B6: 1 | C6: CUR001 | D6: TIC | E6: Taller introductorio a la cocina | F6: 4 | G6: 16
B7: 1 | C7: CUR001 | D7: TIC | E7: Taller introductorio a la cocina | F7: 5 | G7: 17
B8: 2 | C8: CUR002 | D8: TIP | E8: Taller introductorio a la pasteleria | F8: 1 | G8: 18
B9: 2 | C9: CUR002 | D9: TIP | E9: Taller introductorio a la pasteleria | F9: 2 | G9: 18
B10: 2 | C10: CUR002 | D10: TIP | E10: Taller introductorio a la pasteleria | F10: 3 | G10: 16
B11: 2 | C11: CUR002 | D11: TIP | E11: Taller introductorio a la pasteleria | F11: 4 | G11: 16
B12: 2 | C12: CUR002 | D12: TIP | E12: Taller introductorio a la pasteleria | F12: 5 | G12: 17
B13: 3 | C13: CUR003 | D13: TCCM | E13: Taller de cocina chilena y del mundo | F13: 1 | G13: 20
B14: 3 | C14: CUR003 | D14: TCCM | E14: Taller de cocina chilena y del mundo | F14: 2 | G14: 20
... B60: 8 | C60: CUR014 | D60: TEAC | E60: Taller de emprendimientos culinarios | F60: 4 | G60: 16

Sheet DETALLE DE SUB-RAMOS MENSUALES
B1: SEMESTRE | C1: CODIGO_ID | D1: SIGLAS | E1: NOMBRE | F1: MES | G1: OP
B2: 1 | C2: CUR001 | D2: TIC | E2: Taller integrado de restaurante | F2: MARZO | G2: TICSES1
G3: TICSES2
G4: TICSES3
G5: TICSES4
G6: TICSES5
G7: TICSES6
F8: ABRIL | G8: TICSES7
G9: TICSES8
G10: TICSES9
G11: TICSES10
G12: TICSES11
G13: TICSES12
G14: TICSES13
G15: TICSES14
G16: TICSES15
F17: MAYO | G17: TICSES16
G18: TICSES17
G19: TICSES18
G20: TICSES19
G21: TICSES20
G22: TICSES21
G23: TICSES22
G24: TICSES23
F25: JUNIO | G25: TICSES24
G26: TICSES26
G27: TICSES27
G28: TICSES28
G29: TICSES29
G30: TICSES30
F31: JULIO | G31: TICSES32
G32: TICSES34
B33: 2 | C33: CUR002 | D33: TIP | E33: Taller introductorio a la pasteleria | F33: AGOSTO | G33: TIPSES3
G34: TIPSES4
G35: TIPSES5
G36: TIPSES6
G37: TIPSES7
G38: TIPSES8
F39: SEPTIEMBRE | G39: TIPSES9
G40: TIPSES10
G41: TIPSES11
G42: TIPSES12
G43: TIPSES13
G44: TIPSES14
G45: TIPSES15
F46: OCTUBRE | G46: TIPSES18
G47: TIPSES19
G48: TIPSES20
G49: TIPSES21
G50: TIPSES23
F51: NOVIEMBRE | G51: TIPSES25
G52: TIPSES27
G53: TIPSES28
G54: TIPSES29
G55: TIPSES30
G56: TIPSES31
G57: TIPSES32
F58: DICIEMBRE | G58: TIPSES33
G59: TIPSES35
G60: TIPSES36
B61: 3 | C61: CUR003 | D61: TCCM | E61: Taller de cocina chilena y del mundo | F61: MARZO | G61: TCCMSES1
G62: TCCMSES2
G63: TCCMSES3
G64: TCCMSES4
G65: TCCMSES5
G66: TCCMSES6
G67: TCCMSES7 - 8
F68: ABRIL | G68: TCCMSES9
G69: TCCMSES10
G70: TCCMSES11
G71: TCCMSES12
G72: TCCMSES13
G73: TCCMSES14
G74: TCCMSES15
G75: TCCMSES16
F76: MAYO | G76: TCCMSES17
G77: TCCMSES20
G78: TCCMSES21
G79: TCCMSES22
G80: TCCMSES23 - 24
F81: JUNIO | G81: TCCMSES25
G82: TCCMSES26
G83: TCCMSES27 - 28
G84: TCCMSES29 - 30
F85: JULIO | G85: TCCMSES34
B86: 3 | C86: CUR004 | D86: TMA | E86: Taller de maridaje | F86: MARZO | G86: SEMANA 1 | H86: 1260000
G87: SEMANA 2 | H87: 1215000
G88: SEMANA 3 | H88: 1260810
G89: SEMANA 4 | H89: 1410300
F90: ABRIL | G90: SEMANA 5 | H90: 1206000
G91: SEMANA 6 | H91: 1386000
G92: SEMANA 7 | H92: 1160100
G93: SEMANA 8 | H93: 1386000
F94: MAYO | G94: SEMANA 9 | H94: 1349100
G95: SEMANA 10 | H95: 1250100
G96: SEMANA 11 | H96: 1520100
G97: SEMANA 12 | H97: 1341000
F98: JUNIO | G98: SEMANA 13 | H98: 1181610
G99: SEMANA 14 | H99: 1449000
G100: SEMANA 15 | H100: 1169100
...

Sheet INGREDIENTES DE SUB-RAMOS
B1: RAMO | C1: SUB-RAMO | D1: INGREDIENTE | E1: CANTIDAD | F1: UM | G1: CATEGORIA | H1: nn
B2: TIC | C2: TICSES1 | D2: ZANAHORIA | E2: 0.2 | F2: kg | G2: FRUTA VERDURA | H2: =VLOOKUP(D2,'DETALLE PRECIO INGREDIENTES'!B:B,1,0) -> ZANAHORIA
B3: TIC | C3: TICSES1 | D3: PIMIENTO ROJO | E3: 0.5 | F3: UN | G3: FRUTA VERDURA | H3: =VLOOKUP(D3,'DETALLE PRECIO INGREDIENTES'!B:B,1,0) -> PIMIENTO ROJO
B4: TIC | C4: TICSES1 | D4: PAPAS | E4: 0.2 | F4: kg | G4: FRUTA VERDURA | H4: =VLOOKUP(D4,'DETALLE PRECIO INGREDIENTES'!B:B,1,0) -> PAPAS
B5: TIC | C5: TICSES1 | D5: AJO CABEZA | E5: 0.2 | F5: UN | G5: FRUTA VERDURA | H5: =VLOOKUP(D5,'DETALLE PRECIO INGREDIENTES'!B:B,1,0) -> AJO CABEZA
B6: TIC | C6: TICSES1 | D6: CEBOLLA BLANCA | E6: 0.2 | F6: kg | G6: FRUTA VERDURA | H6: =VLOOKUP(D6,'DETALLE PRECIO INGREDIENTES'!B:B,1,0) -> CEBOLLA BLANCA
B7: TIC | C7: TICSES1 | D7: APIO MATA | E7: 0.1 | F7: UN | G7: FRUTA VERDURA | H7: =VLOOKUP(D7,'DETALLE PRECIO INGREDIENTES'!B:B,1,0) -> APIO MATA
B8: TIC | C8: TICSES1 | D8: PUERROS | E8: 0.2 | F8: UN | G8: FRUTA VERDURA | H8: =VLOOKUP(D8,'DETALLE PRECIO INGREDIENTES'!B:B,1,0) -> PUERROS
B9: TIC | C9: TICSES1 | D9: CEBOLLIN | E9: 0.5 | F9: UN | G9: FRUTA VERDURA | H9: =VLOOKUP(D9,'DETALLE PRECIO INGREDIENTES'!B:B,1,0) -> CEBOLLIN
B10: TIC | C10: TICSES2 | D10: AJO CABEZA | E10: 0.2 | F10: UN | G10: FRUTA VERDURA | H10: =VLOOKUP(D10,'DETALLE PRECIO INGREDIENTES'!B:B,1,0) -> AJO CABEZA
B11: TIC | C11: TICSES2 | D11: CEBOLLA BLANCA | E11: 0.2 | F11: kg | G11: FRUTA VERDURA | H11: =VLOOKUP(D11,'DETALLE PRECIO INGREDIENTES'!B:B,1,0) -> CEBOLLA BLANCA
B12: TIC | C12: TICSES2 | D12: PIMIENTO ROJO | E12: 0.5 | F12: UN | G12: FRUTA VERDURA | H12: =VLOOKUP(D12,'DETALLE PRECIO INGREDIENTES'!B:B,1,0) -> PIMIENTO ROJO
B13: TIC | C13: TICSES2 | D13: REPOLLO | E13: 0.125 | F13: UN | G13: FRUTA VERDURA | H13: =VLOOKUP(D13,'DETALLE PRECIO INGREDIENTES'!B:B,1,0) -> REPOLLO
... B348: TIC | C348: TICSES19 | D348: POLLO PECHUGA ENTERA UN | E348: 0.5 | F348: UN | G348: POLLO | H348: =VLOOKUP(D348,'DETALLE PRECIO INGREDIENTES'!B:B,1,0) -> #N/A
B349: TIC | C349: TICSES19 | D349: ACEITE PARA FREIR | E349: 0.12 | F349: #REF! | G349: #REF! | H349: =VLOOKUP(D349,'DETALLE PRECIO INGREDIENTES'!B:B,1,0) -> ACEITE PARA FREIR
B350: TIC | C350: TICSES19 | D350: POLLO TRUTRO ALA | E350: 0.12 | F350: kg | G350: POLLO | H350: =VLOOKUP(D350,'DETALLE PRECIO INGREDIENTES'!B:B,1,0) -> POLLO TRUTRO ALA
B351: TIC | C351: TICSES19 | D351: AJO EN POLVO | E351: 0.001 | F351: kg | G351: ABARROTE | H351: =VLOOKUP(D351,'DETALLE PRECIO INGREDIENTES'!B:B,1,0) -> AJO EN POLVO
B352: TIC | C352: TICSES19 | D352: PIMIENTA CAYENA | E352: 0.002 | F352: kg | G352: ABARROTE | H352: =VLOOKUP(D352,'DETALLE PRECIO INGREDIENTES'!B:B,1,0) -> PIMIENTA CAYENA
B353: TIC | C353: TICSES19 | D353: AJI TABASCO ROJO | E353: 0.004 | F353: L | G353: ABARROTE | H353: =VLOOKUP(D353,'DETALLE PRECIO INGREDIENTES'!B:B,1,0) -> AJI TABASCO ROJO
B354: TIC | C354: TICSES19 | D354: SALSA INGLESA | E354: 0.003 | F354: L | G354: ABARROTE | H354: =VLOOKUP(D354,'DETALLE PRECIO INGREDIENTES'!B:B,1,0) -> SALSA INGLESA
B355: TIC | C355: TICSES19 | D355: MANTEQUILLA CON SAL | E355: 0.04 | F355: kg | G355: LACTEO | H355: =VLOOKUP(D355,'DETALLE PRECIO INGREDIENTES'!B:B,1,0) -> MANTEQUILLA CON SAL
B356: TIC | C356: TICSES19 | D356: VINAGRE BLANCO | E356: 0.012 | F356: L | G356: ABARROTE | H356: =VLOOKUP(D356,'DETALLE PRECIO INGREDIENTES'!B:B,1,0) -> VINAGRE BLANCO
B357: TIC | C357: TICSES19 | D357: AJI SRIRACHA | E357: 0.023 | F357: kg | G357: ABARROTE | H357: =VLOOKUP(D357,'DETALLE PRECIO INGREDIENTES'!B:B,1,0) -> AJI SRIRACHA
B358: TIC | C358: TICSES19 | D358: AZUCAR BLANCA GRANULADA | E358: 0.02 | F358: kg | G358: ABARROTE | H358: =VLOOKUP(D358,'DETALLE PRECIO INGREDIENTES'!B:B,1,0) -> AZUCAR BLANCA GRANULADA
B359: TIC | C359: TICSES19 | D359: HARINA BIZCOCHERA | E359: 0.05 | F359: kg | G359: ABARROTE | H359: =VLOOKUP(D359,'DETALLE PRECIO INGREDIENTES'!B:B,1,0) -> HARINA BIZCOCHERA
B360: TIC | C360: TICSES19 | D360: MAICENA | E360: 0.025 | F360: kg | G360: ABARROTE | H360: =VLOOKUP(D360,'DETALLE PRECIO INGREDIENTES'!B:B,1,0) -> MAICENA
B361: TIC | C361: TICSES19 | D361: PAPRIKA | E361: 0.001 | F361: kg | G361: ABARROTE | H361: =VLOOKUP(D361,'DETALLE PRECIO INGREDIENTES'!B:B,1,0) -> PAPRIKA
... B1448: TBD | C1448: TBDSES3 | D1448: LEVADURA FRESCA | E1448: 0.004 | F1448: kg | G1448: ABARROTE | H1448: =VLOOKUP(D1448,'DETALLE PRECIO INGREDIENTES'!B:B,1,0) -> LEVADURA FRESCA
B1449: TBD | C1449: TBDSES3 | D1449: MANJAR NESTLE | E1449: 0.165 | F1449: #N/A | G1449: #N/A | H1449: =VLOOKUP(D1449,'DETALLE PRECIO INGREDIENTES'!B:B,1,0) -> #N/A
B1450: TBD | C1450: TBDSES3 | D1450: MERMELADA DE FRAMBUESA | E1450: 0.085 | F1450: kg | G1450: ABARROTE | H1450: =VLOOKUP(D1450,'DETALLE PRECIO INGREDIENTES'!B:B,1,0) -> MERMELADA DE FRAMBUESA
B1451: TBD | C1451: TBDSES3 | D1451: CREMA DE LECHE | E1451: 0.2 | F1451: L | G1451: LACTEO | H1451: =VLOOKUP(D1451,'DETALLE PRECIO INGREDIENTES'!B:B,1,0) -> CREMA DE LECHE
B1452: TBD | C1452: TBDSES3 | D1452: LECHE ENTERA | E1452: 0.18 | F1452: L | G1452: LACTEO | H1452: =VLOOKUP(D1452,'DETALLE PRECIO INGREDIENTES'!B:B,1,0) -> LECHE ENTERA
B1453: TBD | C1453: TBDSES3 | D1453: PISCO CAPEL 35º | E1453: 0.01 | F1453: UN | G1453: LICOR | H1453: =VLOOKUP(D1453,'DETALLE PRECIO INGREDIENTES'!B:B,1,0) -> PISCO CAPEL 35º
B1454: TBD | C1454: TBDSES3 | D1454: CAFE EN SACHET | E1454: 1.5 | F1454: UN | G1454: ABARROTE | H1454: =VLOOKUP(D1454,'DETALLE PRECIO INGREDIENTES'!B:B,1,0) -> CAFE EN SACHET
B1455: TBD | C1455: TBDSES3 | D1455: TE LIPTON BOLSA | E1455: 1.5 | F1455: UN | G1455: TE | H1455: =VLOOKUP(D1455,'DETALLE PRECIO INGREDIENTES'!B:B,1,0) -> TE LIPTON BOLSA
B1456: TBD | C1456: TBDSES3 | D1456: PULPA DE FRUTILLA | E1456: 0.08 | F1456: kg | G1456: CONGELADO | H1456: =VLOOKUP(D1456,'DETALLE PRECIO INGREDIENTES'!B:B,1,0) -> PULPA DE FRUTILLA
B1457: TBD | C1457: TBDSES3 | D1457: PAPEL CERESINADO PLIEGO | E1457: 1 | F1457: UN | G1457: ARTICULO COCINA | H1457: =VLOOKUP(D1457,'DETALLE PRECIO INGREDIENTES'!B:B,1,0) -> PAPEL CERESINADO PLIEGO
B1458: TBD | C1458: TBDSES3 | D1458: QUESO GAUDA LAMINADO | E1458: 0.05 | F1458: kg | G1458: LACTEO | H1458: =VLOOKUP(D1458,'DETALLE PRECIO INGREDIENTES'!B:B,1,0) -> QUESO GAUDA LAMINADO
B1459: TBD | C1459: TBDSES3 | D1459: JAMON ACARAMELADO LAMINADO | E1459: 0.05 | F1459: kg | G1459: JAMON | H1459: =VLOOKUP(D1459,'DETALLE PRECIO INGREDIENTES'!B:B,1,0) -> JAMON ACARAMELADO LAMINADO
B1460: TBD | C1460: TBDSES3 | D1460: PIMIENTO MORRON | E1460: 0.25 | F1460: UN | G1460: FRUTA VERDURA | H1460: =VLOOKUP(D1460,'DETALLE PRECIO INGREDIENTES'!B:B,1,0) -> PIMIENTO MORRON
B1461: TBD | C1461: TBDSES3 | D1461: SERVILLETAS MESA 200 UND | E1461: 0.1 | F1461: UN | G1461: ARTICULO COCINA | H1461: =VLOOKUP(D1461,'DETALLE PRECIO INGREDIENTES'!B:B,1,0) -> SERVILLETAS MESA 200 UND
... B1522: TBD | C1522: TBDSES7 | D1522: LECHE CONDENSADA | E1522: 0.18 | F1522: kg | G1522: LACTEO | H1522: =VLOOKUP(D1522,'DETALLE PRECIO INGREDIENTES'!B:B,1,0) -> LECHE CONDENSADA
B1523: TBD | C1523: TBDSES7 | D1523: LECHE EVAPORADA | E1523: 0.18 | F1523: #N/A | G1523: #N/A | H1523: =VLOOKUP(D1523,'DETALLE PRECIO INGREDIENTES'!B:B,1,0) -> LECHE EVAPORADA
B1524: TBD | C1524: TBDSES7 | D1524: OPORTO DIAMANTE MITJANS | E1524: 0.02 | F1524: UN | G1524: VINO | H1524: =VLOOKUP(D1524,'DETALLE PRECIO INGREDIENTES'!B:B,1,0) -> OPORTO DIAMANTE MITJANS
B1525: TBD | C1525: TBDSES7 | D1525: CANELA EN POLVO | E1525: 0.005 | F1525: kg | G1525: ABARROTE | H1525: =VLOOKUP(D1525,'DETALLE PRECIO INGREDIENTES'!B:B,1,0) -> CANELA EN POLVO
B1526: TBD | C1526: TBDSES7 | D1526: MAICENA | E1526: 0.02 | F1526: kg | G1526: ABARROTE | H1526: =VLOOKUP(D1526,'DETALLE PRECIO INGREDIENTES'!B:B,1,0) -> MAICENA
B1527: TBD | C1527: TBDSES7 | D1527: MANJAR | E1527: 0.06 | F1527: kg | G1527: LACTEO | H1527: =VLOOKUP(D1527,'DETALLE PRECIO INGREDIENTES'!B:B,1,0) -> MANJAR
B1528: TBD | C1528: TBDSES7 | D1528: CHOCOLATE AMARGO 56% | E1528: 0.05 | F1528: kg | G1528: CHOCOLATE | H1528: =VLOOKUP(D1528,'DETALLE PRECIO INGREDIENTES'!B:B,1,0) -> CHOCOLATE AMARGO 56%
B1529: TBD | C1529: TBDSES7 | D1529: CHOCOLATE LECHE 35% | E1529: 0.05 | F1529: kg | G1529: CHOCOLATE | H1529: =VLOOKUP(D1529,'DETALLE PRECIO INGREDIENTES'!B:B,1,0) -> CHOCOLATE LECHE 35%
B1530: TBD | C1530: TBDSES7 | D1530: CHOCOLATE CALLEBAUT BLANCO 28% | E1530: 0.05 | F1530: kg | G1530: CHOCOLATE | H1530: =VLOOKUP(D1530,'DETALLE PRECIO INGREDIENTES'!B:B,1,0) -> CHOCOLATE CALLEBAUT BLANCO 28%
B1531: TBD | C1531: TBDSES7 | D1531: AZUCAR FLOR | E1531: 0.02 | F1531: kg | G1531: ABARROTE | H1531: =VLOOKUP(D1531,'DETALLE PRECIO INGREDIENTES'!B:B,1,0) -> AZUCAR FLOR
B1532: TBD | C1532: TBDSES7 | D1532: QUESO CREMA | E1532: 0.08 | F1532: kg | G1532: LACTEO | H1532: =VLOOKUP(D1532,'DETALLE PRECIO INGREDIENTES'!B:B,1,0) -> QUESO CREMA
B1533: TBD | C1533: TBDSES7 | D1533: PULPA DE MARACUYA SIN SEMILLA | E1533: 0.05 | F1533: kg | G1533: CONGELADO | H1533: =VLOOKUP(D1533,'DETALLE PRECIO INGREDIENTES'!B:B,1,0) -> PULPA DE MARACUYA SIN SEMILLA
B1534: TBD | C1534: TBDSES7 | D1534: GALLETAS LOTUS | E1534: 0.2 | F1534: UN | G1534: ABARROTE | H1534: =VLOOKUP(D1534,'DETALLE PRECIO INGREDIENTES'!B:B,1,0) -> GALLETAS LOTUS
B1535: TBD | C1535: TBDSES7 | D1535: PAPEL CERESINADO PLIEGO | E1535: 1 | F1535: UN | G1535: ARTICULO COCINA | H1535: =VLOOKUP(D1535,'DETALLE PRECIO INGREDIENTES'!B:B,1,0) -> PAPEL CERESINADO PLIEGO
... B1682: TBD | C1682: TBDSES15 | D1682: LECHE CONDENSADA | E1682: 0.12 | F1682: kg | G1682: LACTEO | H1682: =VLOOKUP(D1682,'DETALLE PRECIO INGREDIENTES'!B:B,1,0) -> LECHE CONDENSADA
B1683: TBD | C1683: TBDSES15 | D1683: LECHE EVAPORADA | E1683: 0.12 | F1683: #N/A | G1683: #N/A | H1683: =VLOOKUP(D1683,'DETALLE PRECIO INGREDIENTES'!B:B,1,0) -> LECHE EVAPORADA
B1684: TBD | C1684: TBDSES15 | D1684: MANJAR | E1684: 0.07 | F1684: kg | G1684: LACTEO | H1684: =VLOOKUP(D1684,'DETALLE PRECIO INGREDIENTES'!B:B,1,0) -> MANJAR
B1685: TBD | C1685: TBDSES15 | D1685: ACEITE DE MARAVILLA | E1685: 0.03 | F1685: L | G1685: ABARROTE | H1685: =VLOOKUP(D1685,'DETALLE PRECIO INGREDIENTES'!B:B,1,0) -> ACEITE DE MARAVILLA
B1686: TBD | C1686: TBDSES15 | D1686: PULPA DE DURAZNO | E1686: 0.08 | F1686: kg | G1686: CONGELADO | H1686: =VLOOKUP(D1686,'DETALLE PRECIO INGREDIENTES'!B:B,1,0) -> PULPA DE DURAZNO
B1687: TBD | C1687: TBDSES15 | D1687: ALMENDRAS ENTERAS | E1687: 0.015 | F1687: kg | G1687: ABARROTE | H1687: =VLOOKUP(D1687,'DETALLE PRECIO INGREDIENTES'!B:B,1,0) -> ALMENDRAS ENTERAS
B1688: TBD | C1688: TBDSES15 | D1688: MANZANA VERDE | E1688: 0.1 | F1688: kg | G1688: FRUTA VERDURA | H1688: =VLOOKUP(D1688,'DETALLE PRECIO INGREDIENTES'!B:B,1,0) -> MANZANA VERDE
B1689: TBD | C1689: TBDSES15 | D1689: COLAPEZ POR HOJA | E1689: 1 | F1689: UN | G1689: ABARROTE | H1689: =VLOOKUP(D1689,'DETALLE PRECIO INGREDIENTES'!B:B,1,0) -> COLAPEZ POR HOJA
B1690: TBD | C1690: TBDSES15 | D1690: GELATINA SIN SABOR | E1690: 0.01 | F1690: kg | G1690: ABARROTE | H1690: =VLOOKUP(D1690,'DETALLE PRECIO INGREDIENTES'!B:B,1,0) -> GELATINA SIN SABOR
B1691: TBD | C1691: TBDSES15 | D1691: CREMA DE LECHE | E1691: 0.12 | F1691: L | G1691: LACTEO | H1691: =VLOOKUP(D1691,'DETALLE PRECIO INGREDIENTES'!B:B,1,0) -> CREMA DE LECHE
B1692: TBD | C1692: TBDSES15 | D1692: MANGAS DESECHABLES PEQUEÑAS | E1692: 1 | F1692: UN | G1692: ARTICULO COCINA | H1692: =VLOOKUP(D1692,'DETALLE PRECIO INGREDIENTES'!B:B,1,0) -> MANGAS DESECHABLES PEQUEÑAS
B1693: TBD | C1693: TBDSES15 | D1693: MANGAS DESECHABLES MEDIANAS | E1693: 1 | F1693: UN | G1693: ARTICULO COCINA | H1693: =VLOOKUP(D1693,'DETALLE PRECIO INGREDIENTES'!B:B,1,0) -> MANGAS DESECHABLES MEDIANAS
B1694: TBD | C1694: TBDSES15 | D1694: CUCHARAS DE MADERA | E1694: 2 | F1694: UN | G1694: ABARROTE | H1694: =VLOOKUP(D1694,'DETALLE PRECIO INGREDIENTES'!B:B,1,0) -> CUCHARAS DE MADERA
B1695: TBD | C1695: TBDSES15 | D1695: PAPEL CERESINADO PLIEGO | E1695: 1.5 | F1695: UN | G1695: ARTICULO COCINA | H1695: =VLOOKUP(D1695,'DETALLE PRECIO INGREDIENTES'!B:B,1,0) -> PAPEL CERESINADO PLIEGO
... B2011: TBS | C2011: TBSSES7 | D2011: MANTEQUILLA CON SAL | E2011: 0.003125 | F2011: kg | G2011: LACTEO | H2011: =VLOOKUP(D2011,'DETALLE PRECIO INGREDIENTES'!B:B,1,0) -> MANTEQUILLA CON SAL
B2012: TBS | C2012: TBSSES7 | D2012: MASA FILO | E2012: 0.0625 | F2012: #N/A | G2012: #N/A | H2012: =VLOOKUP(D2012,'DETALLE PRECIO INGREDIENTES'!B:B,1,0) -> MASA FILO
B2013: TBS | C2013: TBSSES7 | D2013: ACEITE PARA FREIR | E2013: 0.15625 | F2013: L | G2013: ABARROTE | H2013: =VLOOKUP(D2013,'DETALLE PRECIO INGREDIENTES'!B:B,1,0) -> ACEITE PARA FREIR
B2014: TBS | C2014: TBSSES7 | D2014: MASA DE HOJA | E2014: 0.0625 | F2014: kg | G2014: MASA | H2014: =VLOOKUP(D2014,'DETALLE PRECIO INGREDIENTES'!B:B,1,0) -> MASA DE HOJA
B2015: TBS | C2015: TBSSES7 | D2015: QUESO MANTECOSO PIEZA | E2015: 0.0125 | F2015: kg | G2015: LACTEO | H2015: =VLOOKUP(D2015,'DETALLE PRECIO INGREDIENTES'!B:B,1,0) -> QUESO MANTECOSO PIEZA
B2016: TBS | C2016: TBSSES7 | D2016: CAMARON NACIONAL 100-200 | E2016: 0.00625 | F2016: kg | G2016: PESCADO MARISCO | H2016: =VLOOKUP(D2016,'DETALLE PRECIO INGREDIENTES'!B:B,1,0) -> CAMARON NACIONAL 100-200
B2017: TBS | C2017: TBSSES7 | D2017: CILANTRO | E2017: 0.0003125 | F2017: kg | G2017: FRUTA VERDURA | H2017: =VLOOKUP(D2017,'DETALLE PRECIO INGREDIENTES'!B:B,1,0) -> CILANTRO
B2018: TBS | C2018: TBSSES7 | D2018: POLVOS DE HORNEAR | E2018: 0.00025 | F2018: kg | G2018: ABARROTE | H2018: =VLOOKUP(D2018,'DETALLE PRECIO INGREDIENTES'!B:B,1,0) -> POLVOS DE HORNEAR
B2019: TBS | C2019: TBSSES7 | D2019: MARISCOS CONGELADOS PREMIUM | E2019: 0.1 | F2019: kg | G2019: PESCADO MARISCO | H2019: =VLOOKUP(D2019,'DETALLE PRECIO INGREDIENTES'!B:B,1,0) -> MARISCOS CONGELADOS PREMIUM
B2020: TBS | C2020: TBSSES8 | D2020: CERDO LOMO CENTRO | E2020: 0.0375 | F2020: kg | G2020: CERDO | H2020: =VLOOKUP(D2020,'DETALLE PRECIO INGREDIENTES'!B:B,1,0) -> CERDO LOMO CENTRO
B2021: TBS | C2021: TBSSES8 | D2021: MIEL | E2021: 0.00375 | F2021: kg | G2021: ABARROTE | H2021: =VLOOKUP(D2021,'DETALLE PRECIO INGREDIENTES'!B:B,1,0) -> miel
B2022: TBS | C2022: TBSSES8 | D2022: ACETO BALSAMICO | E2022: 0.004375 | F2022: L | G2022: ABARROTE | H2022: =VLOOKUP(D2022,'DETALLE PRECIO INGREDIENTES'!B:B,1,0) -> ACETO BALSAMICO
B2023: TBS | C2023: TBSSES8 | D2023: AJO CABEZA | E2023: 0.1253125 | F2023: UN | G2023: FRUTA VERDURA | H2023: =VLOOKUP(D2023,'DETALLE PRECIO INGREDIENTES'!B:B,1,0) -> AJO CABEZA
B2024: TBS | C2024: TBSSES8 | D2024: FRUTILLA FRESCA | E2024: 0.001875 | F2024: kg | G2024: FRUTA VERDURA | H2024: =VLOOKUP(D2024,'DETALLE PRECIO INGREDIENTES'!B:B,1,0) -> FRUTILLA FRESCA
... B2159: TBS | C2159: TBSSES10 | D2159: CARBON DE ESPINO | E2159: 0.27 | F2159: kg | G2159: ABARROTE | H2159: =VLOOKUP(D2159,'DETALLE PRECIO INGREDIENTES'!B:B,1,0) -> CARBON DE ESPINO
B2160: TBS | C2160: TBSSES10 | D2160: cuchara de madera | E2160: 2 | F2160: #N/A | G2160: #N/A | H2160: =VLOOKUP(D2160,'DETALLE PRECIO INGREDIENTES'!B:B,1,0) -> #N/A
B2161: TBS | C2161: TBSSES11 | D2161: CAMARON ECUATORIANO 36-40 | E2161: 0.0375 | F2161: kg | G2161: PESCADO MARISCO | H2161: =VLOOKUP(D2161,'DETALLE PRECIO INGREDIENTES'!B:B,1,0) -> CAMARON ECUATORIANO 36-40
B2162: TBS | C2162: TBSSES11 | D2162: ACEITE DE OLIVA | E2162: 0.006875 | F2162: L | G2162: ABARROTE | H2162: =VLOOKUP(D2162,'DETALLE PRECIO INGREDIENTES'!B:B,1,0) -> ACEITE DE OLIVA
B2163: TBS | C2163: TBSSES11 | D2163: AJO CABEZA | E2163: 0.375 | F2163: UN | G2163: FRUTA VERDURA | H2163: =VLOOKUP(D2163,'DETALLE PRECIO INGREDIENTES'!B:B,1,0) -> AJO CABEZA
B2164: TBS | C2164: TBSSES11 | D2164: VINO BLANCO TETRA PACK | E2164: 0.00625 | F2164: L | G2164: VINO | H2164: =VLOOKUP(D2164,'DETALLE PRECIO INGREDIENTES'!B:B,1,0) -> VINO BLANCO TETRA PACK
B2165: TBS | C2165: TBSSES11 | D2165: AJI CACHO CABRA AHUMADO | E2165: 6.25e-05 | F2165: UN | G2165: FRUTA VERDURA | H2165: =VLOOKUP(D2165,'DETALLE PRECIO INGREDIENTES'!B:B,1,0) -> AJI CACHO CABRA AHUMADO
B2166: TBS | C2166: TBSSES11 | D2166: PEREJIL | E2166: 0.0045 | F2166: kg | G2166: FRUTA VERDURA | H2166: =VLOOKUP(D2166,'DETALLE PRECIO INGREDIENTES'!B:B,1,0) -> PEREJIL
B2167: TBS | C2167: TBSSES11 | D2167: MANTEQUILLA CON SAL | E2167: 0.0065625 | F2167: kg | G2167: LACTEO | H2167: =VLOOKUP(D2167,'DETALLE PRECIO INGREDIENTES'!B:B,1,0) -> MANTEQUILLA CON SAL
B2168: TBS | C2168: TBSSES11 | D2168: PAN BAGUETTE NORMAL | E2168: 0.03125 | F2168: UN | G2168: PAN | H2168: =VLOOKUP(D2168,'DETALLE PRECIO INGREDIENTES'!B:B,1,0) -> PAN BAGUETTE NORMAL
B2169: TBS | C2169: TBSSES11 | D2169: CERDO LOMO CENTRO | E2169: 0.01875 | F2169: kg | G2169: CERDO | H2169: =VLOOKUP(D2169,'DETALLE PRECIO INGREDIENTES'!B:B,1,0) -> CERDO LOMO CENTRO
B2170: TBS | C2170: TBSSES11 | D2170: CHUCRUT ENCURTIDO 680 Gr (FRASCO) | E2170: 0.00625 | F2170: UN | G2170: ENCURTIDO | H2170: =VLOOKUP(D2170,'DETALLE PRECIO INGREDIENTES'!B:B,1,0) -> #N/A
B2171: TBS | C2171: TBSSES11 | D2171: TOMATE LARGA VIDA | E2171: 0.02 | F2171: kg | G2171: FRUTA VERDURA | H2171: =VLOOKUP(D2171,'DETALLE PRECIO INGREDIENTES'!B:B,1,0) -> TOMATE LARGA VIDA
B2172: TBS | C2172: TBSSES11 | D2172: PAN FRICA MINI | E2172: 0.625 | F2172: UN | G2172: PAN | H2172: =VLOOKUP(D2172,'DETALLE PRECIO INGREDIENTES'!B:B,1,0) -> PAN FRICA MINI
... B2280: TBS | C2280: TBSSES12 | D2280: MENTA | E2280: 0.01 | F2280: kg | G2280: FRUTA VERDURA | H2280: =VLOOKUP(D2280,'DETALLE PRECIO INGREDIENTES'!B:B,1,0) -> MENTA
B2281: TTPIC | C2281: TTPICSES1 | D2281: CUAJO | E2281: 0.000375 | F2281: #N/A | G2281: #N/A | H2281: =VLOOKUP(D2281,'DETALLE PRECIO INGREDIENTES'!B:B,1,0) -> CUAJO
B2282: TTPIC | C2282: TTPICSES1 | D2282: SAL DE MAR FINA | E2282: 0.005875 | F2282: kg | G2282: ABARROTE | H2282: =VLOOKUP(D2282,'DETALLE PRECIO INGREDIENTES'!B:B,1,0) -> SAL DE MAR FINA
...

Sheet DETALLE PRECIO INGREDIENTES
A1: CATEGORIA | B1: INGREDIENTE | C1: Proveedor | D1: Suma de CANT. TOTAL | E1: Formato | F1: MEDIDA | G1: NETO | H1: BRUTO
A2: ABARROTE | B2: ACEITE DE CANOLA | C2: Jumbo | D2: 0.02 | E2: 1 | F2: L | G2: 2731 | H2: =G2*1.19 -> 3249.89
A3: ABARROTE | B3: ACEITE DE COCO | C3: lider | D3: 0.01125 | E3: 400 | F3: CC | G3: 4361 | H3: =G3*1.19 -> 5189.59
A4: ABARROTE | B4: ACEITE DE MAIZ | C4: Jumbo | D4: 0.00375 | E4: 1 | F4: L | G4: 3471 | H4: =G4*1.19 -> 4130.49
A5: ABARROTE | B5: ACEITE DE MARAVILLA | C5: Bidfood | D5: 1.756625 | E5: 5 | F5: L | G5: 12372 | H5: =G5*1.19 -> 14722.68
A6: ABARROTE | B6: ACEITE DE OLIVA | C6: Bidfood | D6: 1.0346875 | E6: 5 | F6: L | G6: 23840 | H6: =G6*1.19 -> 28369.6
A7: ABARROTE | B7: ACEITE DE SESAMO | C7: Lider | D7: 0.015625 | E7: 185 | F7: CC | G7: 5034 | H7: =G7*1.19 -> 5990.46
A8: ABARROTE | B8: ACEITE PARA FREIR | C8: Bidfood | D8: 4.45 | E8: 10 | F8: L | G8: 23928 | H8: =G8*1.19 -> 28474.32
A9: ABARROTE | B9: ACEITE SEMILLA DE GIRASOL | C9: Bidfood | D9: 0.1725 | E9: 1 | F9: L | G9: 3390 | H9: =G9*1.19 -> 4034.1
A10: ABARROTE | B10: ACEITE VEGETAL | C10: Bidfood | D10: 1.87825 | E10: 5 | F10: L | G10: 10178 | H10: =G10*1.19 -> 12111.82
A11: ABARROTE | B11: ACEITUNAS MORADAS | C11: Jumbo | D11: 0.015625 | E11: 200 | F11: GR | G11: 2765 | H11: =G11*1.19 -> 3290.35
A12: ABARROTE | B12: ACEITUNAS NEGRAS C/HUESO | C12: Bidfood | D12: 0.009375 | E12: 1 | F12: KG | G12: 4150 | H12: =G12*1.19 -> 4938.5
A13: ABARROTE | B13: ACEITUNAS NEGRAS S/HUESO | C13: Bidfood | D13: 0.2075 | E13: 850 | F13: GR | G13: 5781 | H13: =G13*1.19 -> 6879.39
... A353: EMBUTIDO | B353: VIENESA | C353: Ganadera Real | D353: 1 | E353: 1 | F353: KG | G353: 4650 | H353: =G353*1.19 -> 5533.5
A354: ENCURTIDO | B354: CHUCRUT ENCURTIDO | C354: Bidfood | E354: 1 | F354: KG | G354: 2259 | H354: =G354*1.19 -> 2688.21
A355: ENDULZANTE | B355: SUCRALOSA SOBRE | C355: Farmacia | D355: 2 | E355: 200 | F355: UN | G355: 6546 | H355: =G355*1.19 -> 7789.74
A356: ENDULZANTE | B356: SUCRO EMUL | C356: Farmacia | D356: 0.001125 | E356: 1 | F356: UN | G356: 22689 | H356: =G356*1.19 -> 26999.91
A357: ENDULZANTE | B357: TAGATOSA | C357: Lider | D357: 0.00525 | E357: 500 | F357: GR | G357: 6546 | H357: =G357*1.19 -> 7789.74
A358: ESPORAS | B358: PENICILLIUM CANDIUM 10 DOSIS | C358: Fermentos del sur | D358: 8.75e-05 | E358: 1 | F358: L | G358: 23521 | H358: =G358*1.19 -> 27989.99
A359: ESPORAS | B359: PENICILLIUM ROQUEFORTI 50 ML | C359: Fermentos del sur | D359: 7.5e-05 | E359: 1 | F359: L | G359: 42008 | H359: =G359*1.19 -> 49989.52
A360: FRUTA VERDURA | B360: ACELGA | C360: Caserita | D360: 0.07 | E360: 1 | F360: KG | G360: 1092 | H360: =G360*1.19 -> 1299.48
A361: FRUTA VERDURA | B361: aji amarillo | C361: Caserita | D361: 0.035 | E361: 1 | F361: KG | G361: 6555 | H361: =G361*1.19 -> 7800.45
A362: FRUTA VERDURA | B362: AJI CACHO CABRA AHUMADO | C362: Caserita | D362: 1.5125625 | E362: 1 | F362: KG | G362: 10924 | H362: =G362*1.19 -> 12999.56
A363: FRUTA VERDURA | B363: AJI CACHO DE CABRA FRESCO | C363: Caserita | D363: 0.015625 | E363: 1 | F363: KG | G363: 5462 | H363: =G363*1.19 -> 6499.78
A364: FRUTA VERDURA | B364: AJI ROCOTO | C364: Caserita | D364: 0.278125 | E364: 1 | F364: KG | G364: 18571 | H364: =G364*1.19 -> 22099.49
A365: FRUTA VERDURA | B365: AJI VERDE | C365: Caserita | D365: 0.42375 | E365: 1 | F365: KG | G365: 3824 | H365: =G365*1.19 -> 4550.56
A366: FRUTA VERDURA | B366: AJO CABEZA | C366: Caserita | D366: 10.36425 | E366: 1 | F366: un | G366: 219 | H366: =G366*1.19 -> 260.61
... A606: MASA | B606: MASA FILO | C606: Lider | D606: 0.0625 | E606: 330 | F606: GR | G606: 5370 | H606: =G606*1.19 -> 6390.3
